Run Times Sequential,Run Times Parallel,Run Times Automatic Parallel,Speed up from Sequential to Parallel,Speed up from Sequential to Automatic Parallel
1020044067,101248185,441210128,10.0747,2.31192
994380761,398152401,264072000,2.49749,3.76557
987186605,440703930,449977900,2.24002,2.19386
985343037,429671950,442009329,2.29324,2.22924
985339418,409444068,432445737,2.40653,2.27853
